session_date,symbol,series_type,close,currency,source_symbol,source_id,retrieved_at_utc
2026-07-01,FPT.VN,asset_price,70200,VND,FPT.VN,M01,2026-08-26T04:17:58Z
2026-07-01,HPG.VN,asset_price,23300,VND,HPG.VN,M01,2026-08-26T04:17:58Z
2026-07-01,GLD,asset_price,370.600006,USD,GLD,M01,2026-08-26T04:17:58Z
2026-07-01,BTC-USD,asset_price,60003.757813,USD,BTC-USD,M01,2026-08-26T04:17:58Z
2026-07-01,USDVND,fx_rate,26255,VND,VND=X,FX01,2026-08-26T04:17:58Z
2026-07-02,FPT.VN,asset_price,72500,VND,FPT.VN,M01,2026-08-26T04:17:58Z
2026-07-02,HPG.VN,asset_price,23400,VND,HPG.VN,M01,2026-08-26T04:17:58Z
2026-07-02,GLD,asset_price,378.130005,USD,GLD,M01,2026-08-26T04:17:58Z
2026-07-02,BTC-USD,asset_price,61485.300781,USD,BTC-USD,M01,2026-08-26T04:17:58Z
2026-07-02,USDVND,fx_rate,26299,VND,VND=X,FX01,2026-08-26T04:17:58Z
2026-07-06,FPT.VN,asset_price,73000,VND,FPT.VN,M01,2026-08-26T04:17:58Z
2026-07-06,HPG.VN,asset_price,23100,VND,HPG.VN,M01,2026-08-26T04:17:58Z
2026-07-06,GLD,asset_price,382.130005,USD,GLD,M01,2026-08-26T04:17:58Z
2026-07-06,BTC-USD,asset_price,63995.015625,USD,BTC-USD,M01,2026-08-26T04:17:58Z
2026-07-06,USDVND,fx_rate,26294,VND,VND=X,FX01,2026-08-26T04:17:58Z
2026-07-07,FPT.VN,asset_price,73200,VND,FPT.VN,M01,2026-08-26T04:17:58Z
2026-07-07,HPG.VN,asset_price,23100,VND,HPG.VN,M01,2026-08-26T04:17:58Z
2026-07-07,GLD,asset_price,377.489990,USD,GLD,M01,2026-08-26T04:17:58Z
2026-07-07,BTC-USD,asset_price,63297.394531,USD,BTC-USD,M01,2026-08-26T04:17:58Z
2026-07-07,USDVND,fx_rate,26299,VND,VND=X,FX01,2026-08-26T04:17:58Z
2026-07-08,FPT.VN,asset_price,72100,VND,FPT.VN,M01,2026-08-26T04:17:58Z
2026-07-08,HPG.VN,asset_price,23200,VND,HPG.VN,M01,2026-08-26T04:17:58Z
2026-07-08,GLD,asset_price,374.450012,USD,GLD,M01,2026-08-26T04:17:58Z
2026-07-08,BTC-USD,asset_price,62257.574219,USD,BTC-USD,M01,2026-08-26T04:17:58Z
2026-07-08,USDVND,fx_rate,26289,VND,VND=X,FX01,2026-08-26T04:17:58Z
2026-07-09,FPT.VN,asset_price,72100,VND,FPT.VN,M01,2026-08-26T04:17:58Z
2026-07-09,HPG.VN,asset_price,23200,VND,HPG.VN,M01,2026-08-26T04:17:58Z
2026-07-09,GLD,asset_price,378.179993,USD,GLD,M01,2026-08-26T04:17:58Z
2026-07-09,BTC-USD,asset_price,63193.148438,USD,BTC-USD,M01,2026-08-26T04:17:58Z
2026-07-09,USDVND,fx_rate,26294,VND,VND=X,FX01,2026-08-26T04:17:58Z
2026-07-10,FPT.VN,asset_price,70600,VND,FPT.VN,M01,2026-08-26T04:17:58Z
2026-07-10,HPG.VN,asset_price,22950,VND,HPG.VN,M01,2026-08-26T04:17:58Z
2026-07-10,GLD,asset_price,377.010010,USD,GLD,M01,2026-08-26T04:17:58Z
2026-07-10,BTC-USD,asset_price,64127.140625,USD,BTC-USD,M01,2026-08-26T04:17:58Z
2026-07-10,USDVND,fx_rate,26290,VND,VND=X,FX01,2026-08-26T04:17:58Z
2026-07-13,FPT.VN,asset_price,70500,VND,FPT.VN,M01,2026-08-26T04:17:58Z
2026-07-13,HPG.VN,asset_price,22400,VND,HPG.VN,M01,2026-08-26T04:17:58Z
2026-07-13,GLD,asset_price,367.130005,USD,GLD,M01,2026-08-26T04:17:58Z
2026-07-13,BTC-USD,asset_price,62239.121094,USD,BTC-USD,M01,2026-08-26T04:17:58Z
2026-07-13,USDVND,fx_rate,26261,VND,VND=X,FX01,2026-08-26T04:17:58Z
2026-07-14,FPT.VN,asset_price,70300,VND,FPT.VN,M01,2026-08-26T04:17:58Z
2026-07-14,HPG.VN,asset_price,22500,VND,HPG.VN,M01,2026-08-26T04:17:58Z
2026-07-14,GLD,asset_price,372.149994,USD,GLD,M01,2026-08-26T04:17:58Z
2026-07-14,BTC-USD,asset_price,64956.113281,USD,BTC-USD,M01,2026-08-26T04:17:58Z
2026-07-14,USDVND,fx_rate,26250,VND,VND=X,FX01,2026-08-26T04:17:58Z
2026-07-15,FPT.VN,asset_price,66800,VND,FPT.VN,M01,2026-08-26T04:17:58Z
2026-07-15,HPG.VN,asset_price,22400,VND,HPG.VN,M01,2026-08-26T04:17:58Z
2026-07-15,GLD,asset_price,372.350006,USD,GLD,M01,2026-08-26T04:17:58Z
2026-07-15,BTC-USD,asset_price,64712.375000,USD,BTC-USD,M01,2026-08-26T04:17:58Z
2026-07-15,USDVND,fx_rate,26259,VND,VND=X,FX01,2026-08-26T04:17:58Z
